{"resourceType":"ValueSet","id":"valueset-audit-event-type","meta":{"versionId":"2","lastUpdated":"2022-09-05T12:00:00+02:00","profile":["http://hl7.org/fhir/StructureDefinition/ValueSet"]},"text":{"status":"extensions","div":"<div xmlns=\"http://www.w3.org/1999/xhtml\"><p>This value set includes codes based on the following rules:</p><ul><li>Include these codes as defined in <a href=\"http://dicom.nema.org/resources/ontology/DCM\"><code>http://dicom.nema.org/resources/ontology/DCM</code></a><table class=\"none\"><tr><td style=\"white-space:nowrap\"><b>Code</b></td><td><b>Display</b></td><td><b>Definition</b></td></tr><tr><td><a href=\"http://hl7.org/fhir/R4/codesystem-dicom-dcim.html#dicom-dcim-110100\">110100</a></td><td>Application Activity</td><td>Audit event: Application Activity has taken place</td></tr><tr><td><a href=\"http://hl7.org/fhir/R4/codesystem-dicom-dcim.html#dicom-dcim-110114\">110114</a></td><td>User Authentication</td><td>Audit event: User Authentication has been attempted</td></tr></table></li><li>Include all codes defined in <a href=\"http://terminology.hl7.org/5.3.0/CodeSystem-audit-event-type.html\"><code>http://terminology.hl7.org/CodeSystem/audit-event-type</code></a></li><li>Include these codes as defined in <a href=\"http://terminology.hl7.org/5.3.0/CodeSystem-audit-event-type.html\"><code>http://terminology.hl7.org/CodeSystem/audit-event-type</code></a> version <code>0.5.0</code><table class=\"none\"><tr><td style=\"white-space:nowrap\"><b>Code</b></td><td><b>Display</b></td><td><b>Definition</b></td></tr><tr><td><a href=\"http://terminology.hl7.org/5.3.0/CodeSystem-audit-event-type.html#audit-event-type-hl7-v3\">hl7-v3</a></td><td style=\"color: #cccccc\">HL7 v3 Operation</td><td>Audit Event: Execution of an HL7 v3 operation as defined by FHIR.</td></tr></table></li><li>Include these codes as defined in <a href=\"http://terminology.hl7.org/5.3.0/CodeSystem-iso-21089-lifecycle.html\"><code>http://terminology.hl7.org/CodeSystem/iso-21089-lifecycle</code></a><table class=\"none\"><tr><td style=\"white-space:nowrap\"><b>Code</b></td><td><b>Display</b></td><td><b>Definition</b></td></tr><tr><td><a href=\"http://terminology.hl7.org/5.3.0/CodeSystem-iso-21089-lifecycle.html#iso-21089-lifecycle-transmit\">transmit</a></td><td>Transmit Record Lifecycle Event</td><td>Occurs when an agent causes the system to send record entry content from one (EHR/PHR/other) system to another.</td></tr></table></li></ul></div>"},"extension":[{"url":"http://hl7.org/fhir/StructureDefinition/resource-effectivePeriod","valuePeriod":{"start":"2022-08-22T12:00:00+02:00"}}],"url":"http://vzvz.nl/fhir/ValueSet/audit-event-type","identifier":[{"use":"official","value":"http://vzvz.nl/fhir/ValueSet/audit-event-type"}],"version":"0.8","name":"audit-event-type ValueSet","title":"audit-event-type ValueSet","status":"draft","experimental":false,"date":"2022-09-05T12:00:00+02:00","publisher":"VZVZ","contact":[{"name":"VZVZ","telecom":[{"system":"email","value":"standaardisatie@vzvz.nl"}]}],"description":"audit-event-type ValueSet","compose":{"include":[{"system":"http://dicom.nema.org/resources/ontology/DCM","concept":[{"code":"110100","display":"Application Activity"},{"code":"110114","display":"User Authentication"}]},{"system":"http://terminology.hl7.org/CodeSystem/audit-event-type"},{"system":"http://terminology.hl7.org/CodeSystem/audit-event-type","version":"0.5.0","concept":[{"code":"hl7-v3"}]},{"system":"http://terminology.hl7.org/CodeSystem/iso-21089-lifecycle","concept":[{"code":"transmit","display":"Transmit Record Lifecycle Event"}]}]}}