<?xml version="1.0" encoding="UTF-8"?><SearchParameter xmlns="http://hl7.org/fhir"><id value="search-task-instantiates"/><meta><versionId value="2"/><lastUpdated value="2023-11-07T09:22:42.6132269+00:00"/></meta><text><status value="generated"/><div xmlns="http://www.w3.org/1999/xhtml"><h2>KT2_SearchInstantiates</h2><p>Parameter <code>instantiates</code>:<code>reference</code></p><div><p>Search Tasks based on a (set of) ActivityDefinition which in turn can conform to a specific PublisherId</p>
</div><table class="grid"><tr><td>Resource</td><td><a href="http://hl7.org/fhir/R4/task.html">Task</a></td></tr><tr><td>Expression</td><td><code>Task.extension('http://vzvz.nl/fhir/StructureDefinition/instantiates')</code></td></tr><tr><td>Target Resources</td><td><a href="http://hl7.org/fhir/R4/activitydefinition.html">ActivityDefinition</a></td></tr><tr><td>Multiples</td><td><ul><li>multipleAnd: It's up to the server whether the parameter may repeat in order to specify multiple values that must all be true</li><li>multipleOr: It's up to the server whether the parameter can have multiple values (separated by comma) where at least one must be true</li></ul></td></tr><tr><td>Chains</td><td>Allowed: publisherId</td></tr></table></div></text><url value="http://koppeltaal.nl/fhir/SearchParameter/task-instantiates"/><version value="0.8"/><name value="KT2_SearchInstantiates"/><status value="active"/><experimental value="false"/><date value="2023-11-02"/><publisher value="VZVZ"/><contact><name value="VZVZ"/><telecom><system value="url"/><value value="https://www.vzvz.nl"/><use value="work"/></telecom></contact><description value="Search Tasks based on a (set of) ActivityDefinition which in turn can conform to a specific PublisherId"/><purpose value="Search Tasks based on the instantiated ActivityDefinition"/><code value="instantiates"/><base value="Task"/><type value="reference"/><expression value="Task.extension('http://vzvz.nl/fhir/StructureDefinition/instantiates')"/><target value="ActivityDefinition"/><chain value="publisherId"/></SearchParameter>