<?xml version="1.0" encoding="UTF-8"?>

<ValueSet xmlns="http://hl7.org/fhir">
  <id value="participation-role-type"/>
  <meta>
    <lastUpdated value="2023-01-23T12:00:00+01:00"/>
    <profile value="http://hl7.org/fhir/StructureDefinition/shareablevalueset"/>
  </meta>
  <text>
    <status value="extensions"/><div xmlns="http://www.w3.org/1999/xhtml"><p>This value set includes codes based on the following rules:</p><ul><li>Include these codes as defined in <a href="http://dicom.nema.org/resources/ontology/DCM"><code>http://dicom.nema.org/resources/ontology/DCM</code></a><table class="none"><tr><td style="white-space:nowrap"><b>Code</b></td><td><b>Display</b></td><td><b>Definition</b></td></tr><tr><td><a href="http://hl7.org/fhir/R4/codesystem-dicom-dcim.html#dicom-dcim-110150">110150</a></td><td>Application</td><td>Audit participant role ID of software application</td></tr><tr><td><a href="http://hl7.org/fhir/R4/codesystem-dicom-dcim.html#dicom-dcim-110151">110151</a></td><td>Application launcher</td><td>Audit participant role ID of software application launcher, i.e., the entity that started or stopped an application</td></tr><tr><td><a href="http://hl7.org/fhir/R4/codesystem-dicom-dcim.html#dicom-dcim-110152">110152</a></td><td>Destination Role ID</td><td>Audit participant role ID of the receiver of data</td></tr><tr><td><a href="http://hl7.org/fhir/R4/codesystem-dicom-dcim.html#dicom-dcim-110153">110153</a></td><td>Source Role ID</td><td>Audit participant role ID of the sender of data</td></tr></table></li><li>Include these codes as defined in <a href="http://terminology.hl7.org/5.3.0/CodeSystem-v3-RoleClass.html"><code>http://terminology.hl7.org/CodeSystem/v3-RoleClass</code></a><table class="none"><tr><td style="white-space:nowrap"><b>Code</b></td><td><b>Display</b></td><td><b>Definition</b></td></tr><tr><td><a href="http://terminology.hl7.org/5.3.0/CodeSystem-v3-RoleClass.html#v3-RoleClass-PAT">PAT</a></td><td style="color: #cccccc">patient</td><td>A Role of a LivingSubject (player) as an actual or potential recipient of health care services from a healthcare provider organization (scoper).<br/><br/>*Usage Note:* Communication about relationships between patients and specific healthcare practitioners (people) is not done via scoper. Instead this is generally done using the CareProvision act. This allows linkage between patient and a particular healthcare practitioner role and also allows description of the type of care involved in the relationship.</td></tr></table></li></ul></div>
  </text>
  <url value="http://vzvz.nl/fhir/ValueSet/participation-role-type"/>
  <identifier>
    <value value="http://vzvz.nl/fhir/ValueSet/participation-role-type"/>
  </identifier>
  <version value="0.8"/>
  <name value="NlVzvzParticipationRoleType"/>
  <title value="NlVzvzParticipationRoleType"/>
  <status value="draft"/>
  <experimental value="false"/>
  <date value="2023-01-23T12:00:00+01:00"/>
  <publisher value="VZVZ"/>
  <contact>
    <name value="VZVZ"/>
    <telecom>
      <system value="url"/>
      <value value="https://www.vzvz.nl"/>
      <use value="work"/>
    </telecom>
  </contact>
  <description value="This FHIR value set is a subset of the http://hl7.org/fhir/ValueSet/participation-role-type value set, containing only the codes used in VZVZ"/>
  <copyright value="VZVZ"/>
  <compose>
    <include>
      <system value="http://dicom.nema.org/resources/ontology/DCM"/>
      <concept>
        <code value="110150"/>
        <display value="Application"/>
      </concept>
      <concept>
        <code value="110151"/>
        <display value="Application launcher"/>
      </concept>
      <concept>
        <code value="110152"/>
        <display value="Destination Role ID"/>
      </concept>
      <concept>
        <code value="110153"/>
        <display value="Source Role ID"/>
      </concept>
    </include>
    <include>
      <system value="http://terminology.hl7.org/CodeSystem/v3-RoleClass"/>
      <concept>
        <code value="PAT"/>
      </concept>
    </include>
  </compose>
</ValueSet>