"Id","Path","Slice Name","Alias(s)","Label","Min","Max","Must Support?","Is Modifier?","Is Summary?","Type(s)","Short","Definition","Comments","Requirements","Default Value","Meaning When Missing","Fixed Value","Pattern","Example","Minimum Value","Maximum Value","Maximum Length","Binding Strength","Binding Description","Binding Value Set","Code","Slicing Discriminator","Slicing Description","Slicing Ordered","Slicing Rules","Base Path","Base Min","Base Max","Condition(s)","Constraint(s)","Mapping: zib HealthcareProvider-v3.4(2020EN)","Mapping: HL7 v2 Mapping","Mapping: RIM Mapping","Mapping: ServD","Mapping: FiveWs Pattern Mapping"
"Organization","Organization","","Zorgaanbieder
nl-core-HealthcareProvider-Organization","",0,*,"","","","null {[]} {[]}
","HealthcareProvider","A formally or informally recognized grouping of people or organizations formed for the purpose of achieving some form of collective action.  Includes companies, institutions, corporations, departments, community groups, healthcare practice groups, payer/insurer, etc.","The zib HealthcareProvider is mapped to this Organization profile and a profile on Location (<http://nictiz.nl/fhir/StructureDefinition/nl-core-HealthcareProvider>). The Location profile acts as the focal resource of the HealthcareProvider because most references to this zib are concerned about the recording of the physical location where the care to patient/client takes place rather than the organizational information. Often there's no clear distinction between an organizational structure and a physical location. As a rule of thumb, locations are always used for recording where a service occurs, and hence where encounters and observations take place.

Healthcare providers usually consist of multiple organizational levels and physical locations. The hierarchical structure may be captured by using multiple instances of this profile, using the `Organization.partOf` element to refer to their parent organization. The physical location is captured using the nl-core-HealthcareProvider profile, which refers this profile at the appropriate level in the hierarchy.","","","","","","","","",,,,,"",,,,"Organization",0,*,"","dom-2:If the resource is contained in another resource, it SHALL NOT contain nested Resources {contained.contained.empty()}
dom-3:If the resource is contained in another resource, it SHALL be referred to from elsewhere in the resource or SHALL refer to the containing resource {contained.where((('#'+id in (%resource.descendants().reference | %resource.descendants().as(canonical) | %resource.descendants().as(uri) | %resource.descendants().as(url))) or descendants().where(reference = '#').exists() or descendants().where(as(canonical) = '#').exists() or descendants().where(as(canonical) = '#').exists()).not()).trace('unmatched', id).empty()}dom-4:If a resource is contained in another resource, it SHALL NOT have a meta.versionId or a meta.lastUpdated {contained.meta.versionId.empty() and contained.meta.lastUpdated.empty()}dom-5:If a resource is contained in another resource, it SHALL NOT have a security label {contained.meta.security.empty()}dom-6:A resource should have narrative for robust management {text.`div`.exists()}org-1:The organization SHALL at least have a name or an identifier, and possibly more than one {(identifier.count() + name.count()) > 0}","NL-CM:17.2.1","(also see master files messages)","Entity. Role, or Act","Organization(classCode=ORG, determinerCode=INST)","Organization"
"Organization.id","Organization.id","","","",0,1,"","","Y","id {[]} {[]}
","Logical id of this artifact","The logical id of the resource, as used in the URL for the resource. Once assigned, this value never changes.","The only time that a resource does not have an id is when it is being submitted to the server using a create operation.","","","","","","","","",,,,,"",,,,"Resource.id",0,1,"",""
"Organization.meta","Organization.meta","","","",0,1,"","","Y","Meta {[]} {[]}
","Metadata about the resource","The metadata about the resource. This is content that is maintained by the infrastructure. Changes to the content might not always be associated with version changes to the resource.","","","","","","","","","",,,,,"",,,,"Resource.meta",0,1,"","ele-1:All FHIR elements must have a @value or children {hasValue() or (children().count() > id.count())}
"
"Organization.implicitRules","Organization.implicitRules","","","",0,1,"","Y","Y","uri {[]} {[]}
","A set of rules under which this content was created","A reference to a set of rules that were followed when the resource was constructed, and which must be understood when processing the content. Often, this is a reference to an implementation guide that defines the special rules along with other profiles etc.","Asserting this rule set restricts the content to be only understood by a limited set of trading partners. This inherently limits the usefulness of the data in the long term. However, the existing health eco-system is highly fractured, and not yet ready to define, collect, and exchange data in a generally computable sense. Wherever possible, implementers and/or specification writers should avoid using this element. Often, when used, the URL is a reference to an implementation guide that defines these special rules as part of it's narrative along with other profiles, value sets, etc.","","","","","","","","",,,,,"",,,,"Resource.implicitRules",0,1,"","ele-1:All FHIR elements must have a @value or children {hasValue() or (children().count() > id.count())}
"
"Organization.language","Organization.language","","","",0,1,"","","","code {[]} {[]}
","Language of the resource content","The base language in which the resource is written.","Language is provided to support indexing and accessibility (typically, services such as text to speech use the language tag). The html language tag in the narrative applies  to the narrative. The language tag on the resource may be used to specify the language of other presentations generated from the data in the resource. Not all the content has to be in the base language. The Resource.language should not be assumed to apply to the narrative automatically. If a language is specified, it should it also be specified on the div element in the html (see rules in HTML5 for information about the relationship between xml:lang and the html lang attribute).","","","","","","","","",,"preferred","A human language.","http://hl7.org/fhir/ValueSet/languages","",,,,"Resource.language",0,1,"","ele-1:All FHIR elements must have a @value or children {hasValue() or (children().count() > id.count())}
"
"Organization.text","Organization.text","","narrative
htmlxhtmldisplay","",0,1,"","","","Narrative {[]} {[]}
","Text summary of the resource, for human interpretation","A human-readable narrative that contains a summary of the resource and can be used to represent the content of the resource to a human. The narrative need not encode all the structured data, but is required to contain sufficient detail to make it ""clinically safe"" for a human to just read the narrative. Resource definitions may define what content should be represented in the narrative to ensure clinical safety.","Contained resources do not have narrative. Resources that are not contained SHOULD have a narrative. In some cases, a resource may only have text with little or no additional discrete data (as long as all minOccurs=1 elements are satisfied).  This may be necessary for data from legacy systems where information is captured as a ""text blob"" or where text is additionally entered raw or narrated and encoded information is added later.","","","","","","","","",,,,,"",,,,"DomainResource.text",0,1,"","ele-1:All FHIR elements must have a @value or children {hasValue() or (children().count() > id.count())}
","Act.text?"
"Organization.contained","Organization.contained","","inline resources
anonymous resourcescontained resources","",0,*,"","","","Resource {[]} {[]}
","Contained, inline Resources","These resources do not have an independent existence apart from the resource that contains them - they cannot be identified independently, and nor can they have their own independent transaction scope.","This should never be done when the content can be identified properly, as once identification is lost, it is extremely difficult (and context dependent) to restore it again. Contained resources may have profiles and tags In their meta elements, but SHALL NOT have security labels.","","","","","","","","",,,,,"",,,,"DomainResource.contained",0,*,"","","N/A"
"Organization.extension","Organization.extension","","","",0,*,"","","","Extension {[]} {[]}
","Extension","An Extension","","","","","","","","","",,,,,"","value:url}
","",,"open","DomainResource.extension",0,*,"","ele-1:All FHIR elements must have a @value or children {hasValue() or (children().count() > id.count())}
ext-1:Must have either extensions or value[x], not both {extension.exists() != value.exists()}"
"Organization.extension:resource-origin","Organization.extension","resource-origin","","",0,1,"","","","Extension {[CanonicalType[http://koppeltaal.nl/fhir/StructureDefinition/resource-origin]]} {[]}
","Extension","Defines the author of the resource.","Part of the authorisation model. Upon creation of the resource this extension is set to the device that created it.","","","","","","","","",,,,,"",,,,"DomainResource.extension",0,*,"ele-1
","ele-1:All FHIR elements must have a @value or children {hasValue() or (children().count() > id.count())}
ext-1:Must have either extensions or value[x], not both {extension.exists() != value.exists()}"
"Organization.modifierExtension","Organization.modifierExtension","","extensions
user content","",0,*,"","Y","","Extension {[]} {[]}
","Extensions that cannot be ignored","May be used to represent additional information that is not part of the basic definition of the resource and that modifies the understanding of the element that contains it and/or the understanding of the containing element's descendants. Usually modifier elements provide negation or qualification. To make the use of extensions safe and manageable, there is a strict set of governance applied to the definition and use of extensions. Though any implementer is allowed to define an extension, there is a set of requirements that SHALL be met as part of the definition of the extension. Applications processing a resource are required to check for modifier extensions.

Modifier extensions SHALL NOT change the meaning of any elements on Resource or DomainResource (including cannot change the meaning of modifierExtension itself).","There can be no stigma associated with the use of extensions by any application, project, or standard - regardless of the institution or jurisdiction that uses or defines the extensions.  The use of extensions is what allows the FHIR specification to retain a core level of simplicity for everyone.","Modifier extensions allow for extensions that *cannot* be safely ignored to be clearly distinguished from the vast majority of extensions which can be safely ignored.  This promotes interoperability by eliminating the need for implementers to prohibit the presence of extensions. For further information, see the [definition of modifier extensions](http://hl7.org/fhir/R4/extensibility.html#modifierExtension).","","","","","","","",,,,,"",,,,"DomainResource.modifierExtension",0,*,"","ele-1:All FHIR elements must have a @value or children {hasValue() or (children().count() > id.count())}
ext-1:Must have either extensions or value[x], not both {extension.exists() != value.exists()}","N/A"
"Organization.identifier","Organization.identifier","","ZorgaanbiederIdentificatienummer
","",1,*,"","","Y","Identifier {[]} {[]}
","HealthcareProviderIdentificationNumber","The organization’s identification number. For Dutch healthcare providers, the URA number or the AGB number is used, if possible. Depending on the context other ID's are also possible. For foreign or non-affiliated healthcare providers, another unique identification number can be used. This must be accompanied by the name and/or code of the issuing organization.","","Organizations are known by a variety of ids. Some institutions maintain several, and most collect identifiers for exchange with other organizations concerning the organization.","","","","","","","",,,,,"","value:$this}
","",,"open","Organization.identifier",0,*,"org-1
","ele-1:All FHIR elements must have a @value or children {hasValue() or (children().count() > id.count())}
","NL-CM:17.2.2","XON.10 / XON.3",".scopes[Role](classCode=IDENT)","./Identifiers","FiveWs.identifier"
"Organization.identifier:ura","Organization.identifier","ura","","",0,*,"","","Y","Identifier {[]} {[]}
","Identifies this organization  across multiple systems","Identifier for the organization that is used to identify the organization across multiple disparate systems.","","Organizations are known by a variety of ids. Some institutions maintain several, and most collect identifiers for exchange with other organizations concerning the organization.","","","","<valueIdentifier xmlns=""http://hl7.org/fhir"">
  <system value=""http://fhir.nl/fhir/NamingSystem/ura""/>
</valueIdentifier>","","","",,,,,"",,,,"Organization.identifier",0,*,"org-1
","ele-1:All FHIR elements must have a @value or children {hasValue() or (children().count() > id.count())}
","XON.10 / XON.3",".scopes[Role](classCode=IDENT)","./Identifiers","FiveWs.identifier"
"Organization.identifier:agb","Organization.identifier","agb","","",0,*,"","","Y","Identifier {[]} {[]}
","Identifies this organization  across multiple systems","Identifier for the organization that is used to identify the organization across multiple disparate systems.","","Organizations are known by a variety of ids. Some institutions maintain several, and most collect identifiers for exchange with other organizations concerning the organization.","","","","<valueIdentifier xmlns=""http://hl7.org/fhir"">
  <system value=""http://fhir.nl/fhir/NamingSystem/agb-z""/>
</valueIdentifier>","","","",,,,,"",,,,"Organization.identifier",0,*,"org-1
","ele-1:All FHIR elements must have a @value or children {hasValue() or (children().count() > id.count())}
","XON.10 / XON.3",".scopes[Role](classCode=IDENT)","./Identifiers","FiveWs.identifier"
"Organization.active","Organization.active","","","",1,1,"","Y","Y","boolean {[]} {[]}
","Whether the organization's record is still in active use","Whether the organization's record is still in active use.","This active flag is not intended to be used to mark an organization as temporarily closed or under construction. Instead the Location(s) within the Organization should have the suspended status. If further details of the reason for the suspension are required, then an extension on this element should be used.

This element is labeled as a modifier because it may be used to mark that the resource was created in error.","Need a flag to indicate a record is no longer to be used and should generally be hidden for the user in the UI.","","This resource is generally assumed to be active if no value is provided for the active element","","","","","",,,,,"",,,,"Organization.active",0,1,"","ele-1:All FHIR elements must have a @value or children {hasValue() or (children().count() > id.count())}
","No equivalent in HL7 v2",".status","./Status (however this concept in ServD more covers why the organization is active or not, could be delisted, deregistered, not operational yet) this could alternatively be derived from ./StartDate and ./EndDate and given a context date.","FiveWs.status"
"Organization.type","Organization.type","","","",0,*,"","","Y","CodeableConcept {[]} {[]}
","Kind of organization","The kind(s) of organization that this is.","Organizations can be corporations, wards, sections, clinical teams, government departments, etc. Note that code is generally a classifier of the type of organization; in many applications, codes are used to identity a particular organization (say, ward) as opposed to another of the same type - these are identifiers, not codes

When considering if multiple types are appropriate, you should evaluate if child organizations would be a more appropriate use of the concept, as different types likely are in different sub-areas of the organization. This is most likely to be used where type values have orthogonal values, such as a religious, academic and medical center.

We expect that some jurisdictions will profile this optionality to be a single cardinality.","Need to be able to track the kind of organization that this is - different organization types have different uses.","","","","","","","",,"example","Used to categorize the organization.","http://hl7.org/fhir/ValueSet/organization-type","","value:$this}
","",,"open","Organization.type",0,*,"","ele-1:All FHIR elements must have a @value or children {hasValue() or (children().count() > id.count())}
","No equivalent in v2",".code","n/a","FiveWs.class"
"Organization.type:departmentSpecialty","Organization.type","departmentSpecialty","AfdelingSpecialisme
","",0,1,"","","Y","CodeableConcept {[]} {[]}
","DepartmentSpecialty","The specialty of the healthcare provider’s department. The departmental specialty can be filled in if further indication of the healthcare provider is needed. This refers to the recognized medical specialties as stated in the BIG Act.","Organizations can be corporations, wards, sections, clinical teams, government departments, etc. Note that code is generally a classifier of the type of organization; in many applications, codes are used to identity a particular organization (say, ward) as opposed to another of the same type - these are identifiers, not codes

When considering if multiple types are appropriate, you should evaluate if child organizations would be a more appropriate use of the concept, as different types likely are in different sub-areas of the organization. This is most likely to be used where type values have orthogonal values, such as a religious, academic and medical center.

We expect that some jurisdictions will profile this optionality to be a single cardinality.","Need to be able to track the kind of organization that this is - different organization types have different uses.","","","","","","","",,"required","","http://decor.nictiz.nl/fhir/ValueSet/2.16.840.1.113883.2.4.3.11.60.40.2.17.2.4--20200901000000","",,,,"Organization.type",0,*,"","ele-1:All FHIR elements must have a @value or children {hasValue() or (children().count() > id.count())}
","NL-CM:17.2.7","No equivalent in v2",".code","n/a","FiveWs.class"
"Organization.type:organizationType","Organization.type","organizationType","OrganisatieType
","",0,1,"","","Y","CodeableConcept {[]} {[]}
","OrganizationType","The type of healthcare provider, such as general hospital, or nursing home. If this field is filled in and an AGB code is used for the HealthcareProviderIdentificationNumber, the type must match the type implicitly contained in the AGB code.","Organizations can be corporations, wards, sections, clinical teams, government departments, etc. Note that code is generally a classifier of the type of organization; in many applications, codes are used to identity a particular organization (say, ward) as opposed to another of the same type - these are identifiers, not codes

When considering if multiple types are appropriate, you should evaluate if child organizations would be a more appropriate use of the concept, as different types likely are in different sub-areas of the organization. This is most likely to be used where type values have orthogonal values, such as a religious, academic and medical center.

We expect that some jurisdictions will profile this optionality to be a single cardinality.","Need to be able to track the kind of organization that this is - different organization types have different uses.","","","","","","","",,"required","","http://decor.nictiz.nl/fhir/ValueSet/2.16.840.1.113883.2.4.3.11.60.40.2.17.2.3--20200901000000","",,,,"Organization.type",0,*,"","ele-1:All FHIR elements must have a @value or children {hasValue() or (children().count() > id.count())}
","NL-CM:17.2.4","No equivalent in v2",".code","n/a","FiveWs.class"
"Organization.name","Organization.name","","OrganisatieNaam
","",0,1,"","","Y","string {[]} {[]}
","OrganizationName","Name of the organization. If an identification number is given, the name must match the name that corresponds to the identification number.","If the name of an organization changes, consider putting the old name in the alias column so that it can still be located through searches.","Need to use the name as the label of the organization.","","","","","","","",,,,,"",,,,"Organization.name",0,1,"org-1
","ele-1:All FHIR elements must have a @value or children {hasValue() or (children().count() > id.count())}
","NL-CM:17.2.3","XON.1",".name",".PreferredName/Name"
"Organization.alias","Organization.alias","","","",0,0,"","","","string {[]} {[]}
","A list of alternate names that the organization is known as, or was known as in the past","A list of alternate names that the organization is known as, or was known as in the past.","There are no dates associated with the alias/historic names, as this is not intended to track when names were used, but to assist in searching so that older names can still result in identifying the organization.","Over time locations and organizations go through many changes and can be known by different names.

For searching knowing previous names that the organization was known by can be very useful.","","","","","","","",,,,,"",,,,"Organization.alias",0,*,"","ele-1:All FHIR elements must have a @value or children {hasValue() or (children().count() > id.count())}
",".name"
"Organization.telecom","Organization.telecom","","","",0,0,"","","","ContactPoint {[]} {[]}
","A contact detail for the organization","A contact detail for the organization.","The use code 'home' is not to be used. Note that these contacts are not the contact details of people who are employed by or represent the organization, but official contacts for the organization itself.","Human contact for the organization.","","","","","","","",,,,,"","profile:$this}
","",,"open","Organization.telecom",0,*,"org-3
","ele-1:All FHIR elements must have a @value or children {hasValue() or (children().count() > id.count())}
org-3:The telecom of an organization can never be of use 'home' {where(use = 'home').empty()}","ORC-22?",".telecom","./ContactPoints"
"Organization.telecom:telephoneNumbers","Organization.telecom","telephoneNumbers","Telefoonnummers
nl-core-ContactInformation-TelephoneNumbers","",0,*,"","","","ContactPoint {[CanonicalType[http://nictiz.nl/fhir/StructureDefinition/nl-core-ContactInformation-TelephoneNumbers]]} {[]}
","TelephoneNumbers","Details for all kinds of technology mediated contact points for a person or organization, including telephone, email, etc.","Implementation of the ""TelephoneNumbers"" concept of zib ContactInformation.

Please note that, although the zib concepts TelecomType and NumberType are functionally equivalent to the FHIR concepts `ContactPoint.system` and `ContactPoint.use` respectively, a mismatch occurs on the concept of mobile phone numbers; the zib uses the first concept and FHIR the second. For this reason, the ValueSet on `ContactPoint.system` is too narrow and the zib code will need to be communicated using the ext-CodeSpecification extension.","Human contact for the organization.","","","","","","","",,,,,"",,,,"Organization.telecom",0,*,"ele-1
","cpt-2:A system is required if a value is provided. {value.empty() or system.exists()}
ele-1:All FHIR elements must have a @value or children {hasValue() or (children().count() > id.count())}org-3:The telecom of an organization can never be of use 'home' {where(use = 'home').empty()}","XTN","n/a","TEL","ContactPoint"
"Organization.telecom:emailAddresses","Organization.telecom","emailAddresses","EmailAdressen
nl-core-ContactInformation-EmailAddresses","",0,*,"","","","ContactPoint {[CanonicalType[http://nictiz.nl/fhir/StructureDefinition/nl-core-ContactInformation-EmailAddresses]]} {[]}
","EmailAddresses","Details for all kinds of technology mediated contact points for a person or organization, including telephone, email, etc.","Implementation of the ""EmailAddresses"" concept of zib ContactInformation.","Human contact for the organization.","","","","","","","",,,,,"",,,,"Organization.telecom",0,*,"ele-1
","cpt-2:A system is required if a value is provided. {value.empty() or system.exists()}
ele-1:All FHIR elements must have a @value or children {hasValue() or (children().count() > id.count())}org-3:The telecom of an organization can never be of use 'home' {where(use = 'home').empty()}","XTN","n/a","TEL","ContactPoint"
"Organization.address","Organization.address","","Adresgegevens
nl-core-AddressInformation","",0,0,"","","","Address {[CanonicalType[http://nictiz.nl/fhir/StructureDefinition/nl-core-AddressInformation]]} {[]}
","AddressInformation","An address expressed using postal conventions (as opposed to GPS or other location definition formats).  This data type may be used to convey addresses for use in delivering mail as well as for visiting locations which might not be valid for mail delivery.  There are a variety of postal address formats defined around the world.","This datatype defines a common basis for expressing all addresses around the world, but adds extensions to express Dutch addresses specifically, according to the [zib AddressInformation v1.1 (2020)](https://zibs.nl/wiki/AddressInformation-v1.1(2020EN)). A Dutch Address still is a proper FHIR Address, which means that systems that cannot interpret the extensions will still be able to render and work with this datatype.

To have true compatibility an implementer SHOULD use the core Address parts as intended. To have addresses work for Dutch context, the implementer SHOULD in addition use the extension elements.

**Separate address parts**

The first addition is that Dutch addresses make certain address parts separately communicable. These parts are required for use in true Dutch systems when dealing with Dutch addresses, but may not have value for international systems when information gets sent abroad.

**Custom address types**

The second addition is that the zib defines its own ValueSet for address types, which can only be partially expressed using the FHIR Address datatype and requires a mapping to multiple elements. The table below explains how the zib concepts are mapped to the various FHIR elements (see the ConceptMaps <http://nictiz.nl/fhir/ConceptMap/AdresSoortCodelijst-to-AddressUse> and <http://nictiz.nl/fhir/ConceptMap/AdresSoortCodelijst-to-AddressType> as well). The code from the zib should also be included using the extension on `Address.extension:addressType`.

| zib                               | .ext:addressType | .use | .type    |
|-----------------------------------|------------------|------|----------|
| Postal Address/Postadres          | PST              |      | postal   |
| Primary Home/Officieel adres      | HP               | home | both     |
| Visit Address/Woon-/verblijfadres | PHYS             | home | physical |
| Temporary Address/Tijdelijk adres | TMP              | temp |          |
| Work Place/Werkadres              | WP               | work |          |
| Vacation Home/Vakantie adres      | HV               | temp |          |

If `Address.type` is _both_ then this is to be understood as a dual purpose address (postal and physical), unless a specific _postal_ type address is added. Systems that support importing it like this are encouraged to do so, otherwise they may need to import this as two separate addresses.

Note: FHIR core defines the AD-use extension to further specify the postal address type. However, the ValueSet used in that extension doesn't completely match the zib ValueSet. Therefore, a custom extension has been made. This doesn't preclude the use of the AD-use extension.","May need to keep track of the organization's addresses for contacting, billing or reporting requirements.","","","","","","","",,,,,"",,,,"Organization.address",0,*,"ele-1
","ele-1:All FHIR elements must have a @value or children {hasValue() or (children().count() > id.count())}
org-2:An address of an organization can never be of use 'home' {where(use = 'home').empty()}","XAD","n/a","AD","Address"
"Organization.partOf","Organization.partOf","","","",0,1,"","","Y","Reference {[]} {[CanonicalType[http://koppeltaal.nl/fhir/StructureDefinition/KT2Organization]]}
","The organization of which this organization forms a part","The organization of which this organization forms a part.","","Need to be able to track the hierarchy of organizations within an organization.","","","","","","","",,,,,"",,,,"Organization.partOf",0,1,"","ele-1:All FHIR elements must have a @value or children {hasValue() or (children().count() > id.count())}
","No equivalent in HL7 v2",".playedBy[classCode=Part].scoper","n/a"
"Organization.contact","Organization.contact","","","",0,0,"","","","BackboneElement {[]} {[]}
","Contact for the organization for a certain purpose","Contact for the organization for a certain purpose.","Where multiple contacts for the same purpose are provided there is a standard extension that can be used to determine which one is the preferred contact to use.","Need to keep track of assigned contact points within bigger organization.","","","","","","","",,,,,"",,,,"Organization.contact",0,*,"","ele-1:All FHIR elements must have a @value or children {hasValue() or (children().count() > id.count())}
",".contactParty"
"Organization.contact.id","Organization.contact.id","","","",0,1,"","","","string {[]} {[]}
","Unique id for inter-element referencing","Unique id for the element within a resource (for internal references). This may be any string value that does not contain spaces.","","","","","","","","","",,,,,"",,,,"Element.id",0,1,"","","n/a"
"Organization.contact.extension","Organization.contact.extension","","extensions
user content","",0,*,"","","","Extension {[]} {[]}
","Additional content defined by implementations","May be used to represent additional information that is not part of the basic definition of the element. To make the use of extensions safe and manageable, there is a strict set of governance  applied to the definition and use of extensions. Though any implementer can define an extension, there is a set of requirements that SHALL be met as part of the definition of the extension.","There can be no stigma associated with the use of extensions by any application, project, or standard - regardless of the institution or jurisdiction that uses or defines the extensions.  The use of extensions is what allows the FHIR specification to retain a core level of simplicity for everyone.","","","","","","","","",,,,,"",,,,"Element.extension",0,*,"","ele-1:All FHIR elements must have a @value or children {hasValue() or (children().count() > id.count())}
ext-1:Must have either extensions or value[x], not both {extension.exists() != value.exists()}","n/a"
"Organization.contact.modifierExtension","Organization.contact.modifierExtension","","extensions
user contentmodifiers","",0,*,"","Y","Y","Extension {[]} {[]}
","Extensions that cannot be ignored even if unrecognized","May be used to represent additional information that is not part of the basic definition of the element and that modifies the understanding of the element in which it is contained and/or the understanding of the containing element's descendants. Usually modifier elements provide negation or qualification. To make the use of extensions safe and manageable, there is a strict set of governance applied to the definition and use of extensions. Though any implementer can define an extension, there is a set of requirements that SHALL be met as part of the definition of the extension. Applications processing a resource are required to check for modifier extensions.

Modifier extensions SHALL NOT change the meaning of any elements on Resource or DomainResource (including cannot change the meaning of modifierExtension itself).","There can be no stigma associated with the use of extensions by any application, project, or standard - regardless of the institution or jurisdiction that uses or defines the extensions.  The use of extensions is what allows the FHIR specification to retain a core level of simplicity for everyone.","Modifier extensions allow for extensions that *cannot* be safely ignored to be clearly distinguished from the vast majority of extensions which can be safely ignored.  This promotes interoperability by eliminating the need for implementers to prohibit the presence of extensions. For further information, see the [definition of modifier extensions](http://hl7.org/fhir/R4/extensibility.html#modifierExtension).","","","","","","","",,,,,"",,,,"BackboneElement.modifierExtension",0,*,"","ele-1:All FHIR elements must have a @value or children {hasValue() or (children().count() > id.count())}
ext-1:Must have either extensions or value[x], not both {extension.exists() != value.exists()}","N/A"
"Organization.contact.purpose","Organization.contact.purpose","","","",0,1,"","","","CodeableConcept {[]} {[]}
","The type of contact","Indicates a purpose for which the contact can be reached.","","Need to distinguish between multiple contact persons.","","","","","","","",,"extensible","The purpose for which you would contact a contact party.","http://hl7.org/fhir/ValueSet/contactentity-type","",,,,"Organization.contact.purpose",0,1,"","ele-1:All FHIR elements must have a @value or children {hasValue() or (children().count() > id.count())}
","./type"
"Organization.contact.name","Organization.contact.name","","Naamgegevens
nl-core-NameInformation","",0,1,"","","","HumanName {[CanonicalType[http://nictiz.nl/fhir/StructureDefinition/nl-core-NameInformation]]} {[]}
","NameInformation","This slice represents the person's official name information, including given names, last name and possibly the partner's last name.","This `.name` element represents a Dutch name according to the [zib NameInformation (v1.1, 2020)](https://zibs.nl/wiki/NameInformation-v1.1(2020EN)) (except for the GivenName concept). A Dutch name is represented in FHIR as an ordinary international name, but is augmented using extensions to specify how the last name is built up according to the Dutch rules. See the guidance on `.family` and on `.extension:nameUsage` for more information. Systems that need to work in a Dutch context SHOULD support these extensions as specified here. In addition, systems SHOULD use the core elements according to the FHIR specifications to provide compatibility outside Dutch contexts. It is encouraged to provide a representation of the full name in the `.text` element.

**Note 1**: The zib cannot be represented straightforward in FHIR. Especially note the guidance on `.given` on how to map the FirstNames and Initials concepts, and on `.prefix`/`.suffix` on how to map the Titles concept.

**Note 2**: This element should only contain a person's _official_ names. The GivenName concept is represented in another `.name` element with `.name.use` = _usual_.

**Note 3**: The examples illustrate how the zib is mapped to FHIR.","Need to be able to track the person by name.","","","","","","","",,,,,"",,,,"Organization.contact.name",0,1,"ele-1
","ele-1:All FHIR elements must have a @value or children {hasValue() or (children().count() > id.count())}
zib-NameInformation-1:If a prefix for a family name is specified, the family name is expected as well {family.extension('http://hl7.org/fhir/StructureDefinition/humanname-own-prefix').empty().not() implies family.extension('http://hl7.org/fhir/StructureDefinition/humanname-own-name').empty().not()}zib-NameInformation-2:If the prefix for a partner family name is specified, the partner family name is expected as well {family.extension('http://hl7.org/fhir/StructureDefinition/humanname-partner-prefix').empty().not() implies family.extension('http://hl7.org/fhir/StructureDefinition/humanname-partner-name').empty().not()}","XPN","n/a","EN (actually, PN)","ProviderName"
"Organization.contact.telecom","Organization.contact.telecom","","","",0,*,"","","","ContactPoint {[]} {[]}
","Contact details (telephone, email, etc.)  for a contact","A contact detail (e.g. a telephone number or an email address) by which the party may be contacted.","","People have (primary) ways to contact them in some way such as phone, email.","","","","","","","",,,,,"","profile:$this}
","",,"open","Organization.contact.telecom",0,*,"","ele-1:All FHIR elements must have a @value or children {hasValue() or (children().count() > id.count())}
","PID-13, PID-14","./telecom"
"Organization.contact.telecom:telephoneNumbers","Organization.contact.telecom","telephoneNumbers","Telefoonnummers
nl-core-ContactInformation-TelephoneNumbers","",0,*,"","","","ContactPoint {[CanonicalType[http://nictiz.nl/fhir/StructureDefinition/nl-core-ContactInformation-TelephoneNumbers]]} {[]}
","TelephoneNumbers","Details for all kinds of technology mediated contact points for a person or organization, including telephone, email, etc.","Implementation of the ""TelephoneNumbers"" concept of zib ContactInformation.

Please note that, although the zib concepts TelecomType and NumberType are functionally equivalent to the FHIR concepts `ContactPoint.system` and `ContactPoint.use` respectively, a mismatch occurs on the concept of mobile phone numbers; the zib uses the first concept and FHIR the second. For this reason, the ValueSet on `ContactPoint.system` is too narrow and the zib code will need to be communicated using the ext-CodeSpecification extension.","People have (primary) ways to contact them in some way such as phone, email.","","","","","","","",,,,,"",,,,"Organization.contact.telecom",0,*,"ele-1
","cpt-2:A system is required if a value is provided. {value.empty() or system.exists()}
ele-1:All FHIR elements must have a @value or children {hasValue() or (children().count() > id.count())}","XTN","n/a","TEL","ContactPoint"
"Organization.contact.telecom:emailAddresses","Organization.contact.telecom","emailAddresses","EmailAdressen
nl-core-ContactInformation-EmailAddresses","",0,*,"","","","ContactPoint {[CanonicalType[http://nictiz.nl/fhir/StructureDefinition/nl-core-ContactInformation-EmailAddresses]]} {[]}
","EmailAddresses","Details for all kinds of technology mediated contact points for a person or organization, including telephone, email, etc.","Implementation of the ""EmailAddresses"" concept of zib ContactInformation.","People have (primary) ways to contact them in some way such as phone, email.","","","","","","","",,,,,"",,,,"Organization.contact.telecom",0,*,"ele-1
","cpt-2:A system is required if a value is provided. {value.empty() or system.exists()}
ele-1:All FHIR elements must have a @value or children {hasValue() or (children().count() > id.count())}","XTN","n/a","TEL","ContactPoint"
"Organization.contact.address","Organization.contact.address","","Adresgegevens
nl-core-AddressInformation","",0,1,"","","","Address {[CanonicalType[http://nictiz.nl/fhir/StructureDefinition/nl-core-AddressInformation]]} {[]}
","AddressInformation","An address expressed using postal conventions (as opposed to GPS or other location definition formats).  This data type may be used to convey addresses for use in delivering mail as well as for visiting locations which might not be valid for mail delivery.  There are a variety of postal address formats defined around the world.","This datatype defines a common basis for expressing all addresses around the world, but adds extensions to express Dutch addresses specifically, according to the [zib AddressInformation v1.1 (2020)](https://zibs.nl/wiki/AddressInformation-v1.1(2020EN)). A Dutch Address still is a proper FHIR Address, which means that systems that cannot interpret the extensions will still be able to render and work with this datatype.

To have true compatibility an implementer SHOULD use the core Address parts as intended. To have addresses work for Dutch context, the implementer SHOULD in addition use the extension elements.

**Separate address parts**

The first addition is that Dutch addresses make certain address parts separately communicable. These parts are required for use in true Dutch systems when dealing with Dutch addresses, but may not have value for international systems when information gets sent abroad.

**Custom address types**

The second addition is that the zib defines its own ValueSet for address types, which can only be partially expressed using the FHIR Address datatype and requires a mapping to multiple elements. The table below explains how the zib concepts are mapped to the various FHIR elements (see the ConceptMaps <http://nictiz.nl/fhir/ConceptMap/AdresSoortCodelijst-to-AddressUse> and <http://nictiz.nl/fhir/ConceptMap/AdresSoortCodelijst-to-AddressType> as well). The code from the zib should also be included using the extension on `Address.extension:addressType`.

| zib                               | .ext:addressType | .use | .type    |
|-----------------------------------|------------------|------|----------|
| Postal Address/Postadres          | PST              |      | postal   |
| Primary Home/Officieel adres      | HP               | home | both     |
| Visit Address/Woon-/verblijfadres | PHYS             | home | physical |
| Temporary Address/Tijdelijk adres | TMP              | temp |          |
| Work Place/Werkadres              | WP               | work |          |
| Vacation Home/Vakantie adres      | HV               | temp |          |

If `Address.type` is _both_ then this is to be understood as a dual purpose address (postal and physical), unless a specific _postal_ type address is added. Systems that support importing it like this are encouraged to do so, otherwise they may need to import this as two separate addresses.

Note: FHIR core defines the AD-use extension to further specify the postal address type. However, the ValueSet used in that extension doesn't completely match the zib ValueSet. Therefore, a custom extension has been made. This doesn't preclude the use of the AD-use extension.","May need to keep track of a contact party's address for contacting, billing or reporting requirements.","","","","","","","",,,,,"",,,,"Organization.contact.address",0,1,"ele-1
","ele-1:All FHIR elements must have a @value or children {hasValue() or (children().count() > id.count())}
","XAD","n/a","AD","Address"
"Organization.endpoint","Organization.endpoint","","","",0,0,"","","","Reference {[]} {[CanonicalType[http://koppeltaal.nl/fhir/StructureDefinition/KT2Endpoint]]}
","Technical endpoints providing access to services operated for the organization","Technical endpoints providing access to services operated for the organization.","","Organizations have multiple systems that provide various services and need to be able to define the technical connection details for how to connect to them, and for what purpose.","","","","","","","",,,,,"",,,,"Organization.endpoint",0,*,"","ele-1:All FHIR elements must have a @value or children {hasValue() or (children().count() > id.count())}
","n/a"
