<?xml version="1.0" encoding="UTF-8"?>

<NamingSystem xmlns="http://hl7.org/fhir">
  <id value="koppeltaal-TaskIdentifier"/>
  <text>
    <status value="generated"/><div xmlns="http://www.w3.org/1999/xhtml"><h3>Summary</h3><table class="grid"><tr><td>Defining URL</td><td>http://koppeltaal.nl/fhir/NamingSystem/koppeltaal-TaskIdentifier</td></tr><tr><td>Version</td><td>0.8</td></tr><tr><td>Name</td><td>KoppeltaalTaskIdentifier</td></tr><tr><td>Status</td><td>active</td></tr><tr><td>Definition</td><td><div><p>Identifier system of the Tasks as used within Koppeltaal</p>
</div></td></tr><tr><td>Publisher</td><td>VZVZ</td></tr></table><h3>Identifiers</h3><table class="grid"><tr><td><b>Type</b></td><td><b>Value</b></td><td><b>Preferred</b></td></tr><tr><td>URI</td><td>http://vzvz.nl/fhir/NamingSystem/koppeltaal-TaskIdentifier</td><td>true</td></tr></table></div>
  </text>
  <extension url="http://hl7.org/fhir/5.0/StructureDefinition/extension-NamingSystem.url">
    <valueUri value="http://koppeltaal.nl/fhir/NamingSystem/koppeltaal-TaskIdentifier"/>
  </extension>
  <extension url="http://hl7.org/fhir/5.0/StructureDefinition/extension-NamingSystem.version">
    <valueString value="0.8"/>
  </extension>
  <name value="KoppeltaalTaskIdentifier"/>
  <status value="active"/>
  <kind value="identifier"/>
  <date value="2023-01-19T12:00:00.000+01:00"/>
  <publisher value="VZVZ"/>
  <contact>
    <name value="VZVZ"/>
    <telecom>
      <system value="url"/>
      <value value="https://www.vzvz.nl"/>
      <use value="work"/>
    </telecom>
  </contact>
  <description value="Identifier system of the Tasks as used within Koppeltaal"/>
  <uniqueId>
    <type value="uri"/>
    <value value="http://vzvz.nl/fhir/NamingSystem/koppeltaal-TaskIdentifier"/>
    <preferred value="true"/>
  </uniqueId>
</NamingSystem>