<?xml version="1.0" encoding="UTF-8"?><SearchParameter xmlns="http://hl7.org/fhir"><id value="search-publisherId-extension"/><meta><versionId value="2"/><lastUpdated value="2023-01-24T13:07:26.3087273+00:00"/></meta><text><status value="generated"/><div xmlns="http://www.w3.org/1999/xhtml"><h2>KT2_SearchPublisherId</h2><p>Parameter <code>publisherId</code>:<code>token</code></p><div><p>Search by publisherId for an ActivityDefinition</p>
</div><table class="grid"><tr><td>Resource</td><td><a href="http://hl7.org/fhir/R4/activitydefinition.html">ActivityDefinition</a></td></tr><tr><td>Expression</td><td><code>ActivityDefinition.extension('http://koppeltaal.nl/fhir/StructureDefinition/KT2PublisherId')</code></td></tr><tr><td>Processing Mode</td><td>Normal</td></tr><tr><td>Target Resources</td><td><a href="http://hl7.org/fhir/R4/activitydefinition.html">ActivityDefinition</a></td></tr><tr><td>Multiples</td><td><ul><li>multipleAnd: It's up to the server whether the parameter may repeat in order to specify multiple values that must all be true</li><li>multipleOr: It's up to the server whether the parameter can have multiple values (separated by comma) where at least one must be true</li></ul></td></tr></table></div></text><url value="http://koppeltaal.nl/fhir/SearchParameter/publisherId-extension"/><version value="0.8"/><name value="KT2_SearchPublisherId"/><status value="active"/><experimental value="false"/><date value="2023-01-24"/><publisher value="VZVZ"/><contact><name value="VZVZ"/><telecom><system value="url"/><value value="https://www.vzvz.nl"/><use value="work"/></telecom></contact><description value="Search by publisherId for an ActivityDefinition"/><code value="publisherId"/><base value="ActivityDefinition"/><type value="token"/><expression value="ActivityDefinition.extension('http://koppeltaal.nl/fhir/StructureDefinition/KT2PublisherId')"/><xpathUsage value="normal"/><target value="ActivityDefinition"/></SearchParameter>