{
  "resourceType" : "Bundle",
  "id" : "45ae7ccb-a563-4cbe-a142-d1f188cf89a1",
  "meta" : {
    "lastUpdated" : "2024-03-15T14:00:54.898+01:00"
  },
  "type" : "collection",
  "entry" : [{
    "fullUrl" : "http://vzvz.nl/fhir/ValueSet/participation-role-type",
    "resource" : {
      "resourceType" : "ValueSet",
      "meta" : {
        "lastUpdated" : "2023-01-23T12:00:00+01:00",
        "profile" : ["http://hl7.org/fhir/StructureDefinition/shareablevalueset"]
      },
      "text" : {
        "status" : "generated",
        "div" : "<div xmlns=\"http://www.w3.org/1999/xhtml\"><div style=\"border: black 1px dotted; background-color: #EEEEEE; padding: 8px; margin-bottom: 8px\"><p>Expansion based on: </p><ul><li><a href=\"http://hl7.org/fhir/R4/codesystem-dicom-dcim.html\">codesystem DICOM Controlled Terminology Definitions v01 (CodeSystem)</a></li><li><a href=\"http://terminology.hl7.org/5.3.0/CodeSystem-v3-RoleClass.html\">codesystem RoleClass v3.1.0 (CodeSystem)</a></li></ul></div><p>This value set contains 5 concepts.</p><table class=\"codes\"><tr><td style=\"white-space:nowrap\"><b>Code</b></td><td><b>System</b></td><td><b>Display</b></td><td><b>Definition</b></td></tr><tr><td style=\"white-space:nowrap\"><a name=\"http---dicom.nema.org-resources-ontology-DCM-110150\"> </a>\u00a0\u00a0<a href=\"http://hl7.org/fhir/R4/codesystem-dicom-dcim.html#dicom-dcim-110150\">110150</a></td><td>http://dicom.nema.org/resources/ontology/DCM</td><td>Application</td><td><div><p>Audit participant role ID of software application</p>\n</div></td></tr><tr><td style=\"white-space:nowrap\"><a name=\"http---dicom.nema.org-resources-ontology-DCM-110151\"> </a>\u00a0\u00a0<a href=\"http://hl7.org/fhir/R4/codesystem-dicom-dcim.html#dicom-dcim-110151\">110151</a></td><td>http://dicom.nema.org/resources/ontology/DCM</td><td>Application launcher</td><td><div><p>Audit participant role ID of software application launcher, i.e., the entity that started or stopped an application</p>\n</div></td></tr><tr><td style=\"white-space:nowrap\"><a name=\"http---dicom.nema.org-resources-ontology-DCM-110152\"> </a>\u00a0\u00a0<a href=\"http://hl7.org/fhir/R4/codesystem-dicom-dcim.html#dicom-dcim-110152\">110152</a></td><td>http://dicom.nema.org/resources/ontology/DCM</td><td>Destination Role ID</td><td><div><p>Audit participant role ID of the receiver of data</p>\n</div></td></tr><tr><td style=\"white-space:nowrap\"><a name=\"http---dicom.nema.org-resources-ontology-DCM-110153\"> </a>\u00a0\u00a0<a href=\"http://hl7.org/fhir/R4/codesystem-dicom-dcim.html#dicom-dcim-110153\">110153</a></td><td>http://dicom.nema.org/resources/ontology/DCM</td><td>Source Role ID</td><td><div><p>Audit participant role ID of the sender of data</p>\n</div></td></tr><tr><td style=\"white-space:nowrap\"><a name=\"http---terminology.hl7.org-CodeSystem-v3-RoleClass-PAT\"> </a>\u00a0\u00a0<a href=\"http://terminology.hl7.org/5.3.0/CodeSystem-v3-RoleClass.html#v3-RoleClass-PAT\">PAT</a></td><td>http://terminology.hl7.org/CodeSystem/v3-RoleClass</td><td>patient</td><td><div><p>A Role of a LivingSubject (player) as an actual or potential recipient of health care services from a healthcare provider organization (scoper).</p>\n<p><em>Usage Note:</em> Communication about relationships between patients and specific healthcare practitioners (people) is not done via scoper. Instead this is generally done using the CareProvision act. This allows linkage between patient and a particular healthcare practitioner role and also allows description of the type of care involved in the relationship.</p>\n</div></td></tr></table></div>"
      },
      "url" : "http://vzvz.nl/fhir/ValueSet/participation-role-type",
      "identifier" : [{
        "value" : "http://vzvz.nl/fhir/ValueSet/participation-role-type"
      }],
      "version" : "0.8",
      "name" : "NlVzvzParticipationRoleType",
      "title" : "NlVzvzParticipationRoleType",
      "status" : "draft",
      "experimental" : false,
      "date" : "2023-01-23T12:00:00+01:00",
      "expansion" : {
        "identifier" : "urn:uuid:a5c0817b-a8c5-4fd4-a0c7-c570cd75df79",
        "timestamp" : "2024-03-15T14:01:30+01:00",
        "total" : 5,
        "offset" : 0,
        "parameter" : [{
          "name" : "count",
          "valueInteger" : 1000
        },
        {
          "name" : "offset",
          "valueInteger" : 0
        },
        {
          "name" : "excludeNested",
          "valueBoolean" : false
        },
        {
          "name" : "used-codesystem",
          "valueUri" : "http://dicom.nema.org/resources/ontology/DCM|01"
        },
        {
          "name" : "used-codesystem",
          "valueUri" : "http://terminology.hl7.org/CodeSystem/v3-RoleClass|3.1.0"
        }],
        "contains" : [{
          "system" : "http://dicom.nema.org/resources/ontology/DCM",
          "code" : "110150",
          "display" : "Application"
        },
        {
          "system" : "http://dicom.nema.org/resources/ontology/DCM",
          "code" : "110151",
          "display" : "Application launcher"
        },
        {
          "system" : "http://dicom.nema.org/resources/ontology/DCM",
          "code" : "110152",
          "display" : "Destination Role ID"
        },
        {
          "system" : "http://dicom.nema.org/resources/ontology/DCM",
          "code" : "110153",
          "display" : "Source Role ID"
        },
        {
          "system" : "http://terminology.hl7.org/CodeSystem/v3-RoleClass",
          "code" : "PAT",
          "display" : "patient"
        }]
      }
    }
  },
  {
    "fullUrl" : "http://vzvz.nl/fhir/ValueSet/audit-event-type",
    "resource" : {
      "resourceType" : "ValueSet",
      "meta" : {
        "versionId" : "2",
        "lastUpdated" : "2022-09-05T12:00:00+02:00",
        "profile" : ["http://hl7.org/fhir/StructureDefinition/ValueSet"]
      },
      "text" : {
        "status" : "generated",
        "div" : "<div xmlns=\"http://www.w3.org/1999/xhtml\"><div style=\"border: black 1px dotted; background-color: #EEEEEE; padding: 8px; margin-bottom: 8px\"><p>Expansion based on: </p><ul><li><a href=\"http://hl7.org/fhir/R4/codesystem-dicom-dcim.html\">codesystem DICOM Controlled Terminology Definitions v01 (CodeSystem)</a></li><li><a href=\"http://terminology.hl7.org/5.3.0/CodeSystem-audit-event-type.html\">codesystem Audit Event ID v0.5.0 (CodeSystem)</a></li><li><a href=\"http://terminology.hl7.org/5.3.0/CodeSystem-iso-21089-lifecycle.html\">codesystem ISO 21089 2017 Health Record Lifecycle Events v0.2.0 (CodeSystem)</a></li></ul></div><p>This value set contains 8 concepts.</p><table class=\"codes\"><tr><td style=\"white-space:nowrap\"><b>Code</b></td><td><b>System</b></td><td><b>Display</b></td><td><b>Definition</b></td></tr><tr><td style=\"white-space:nowrap\"><a name=\"http---dicom.nema.org-resources-ontology-DCM-110100\"> </a>\u00a0\u00a0<a href=\"http://hl7.org/fhir/R4/codesystem-dicom-dcim.html#dicom-dcim-110100\">110100</a></td><td>http://dicom.nema.org/resources/ontology/DCM</td><td>Application Activity</td><td><div><p>Audit event: Application Activity has taken place</p>\n</div></td></tr><tr><td style=\"white-space:nowrap\"><a name=\"http---dicom.nema.org-resources-ontology-DCM-110114\"> </a>\u00a0\u00a0<a href=\"http://hl7.org/fhir/R4/codesystem-dicom-dcim.html#dicom-dcim-110114\">110114</a></td><td>http://dicom.nema.org/resources/ontology/DCM</td><td>User Authentication</td><td><div><p>Audit event: User Authentication has been attempted</p>\n</div></td></tr><tr><td style=\"white-space:nowrap\"><a name=\"http---terminology.hl7.org-CodeSystem-audit-event-type-rest\"> </a>\u00a0\u00a0<a href=\"http://terminology.hl7.org/5.3.0/CodeSystem-audit-event-type.html#audit-event-type-rest\">rest</a></td><td>http://terminology.hl7.org/CodeSystem/audit-event-type</td><td>RESTful Operation</td><td><div><p>Audit Event: Execution of a RESTful operation as defined by FHIR.</p>\n</div></td></tr><tr><td style=\"white-space:nowrap\"><a name=\"http---terminology.hl7.org-CodeSystem-audit-event-type-hl7-v2\"> </a>\u00a0\u00a0<a href=\"http://terminology.hl7.org/5.3.0/CodeSystem-audit-event-type.html#audit-event-type-hl7-v2\">hl7-v2</a></td><td>http://terminology.hl7.org/CodeSystem/audit-event-type</td><td>HL7 v2 Operation</td><td><div><p>Audit Event: Execution of an HL7 v2 operation.</p>\n</div></td></tr><tr><td style=\"white-space:nowrap\"><a name=\"http---terminology.hl7.org-CodeSystem-audit-event-type-hl7-v3\"> </a>\u00a0\u00a0<a href=\"http://terminology.hl7.org/5.3.0/CodeSystem-audit-event-type.html#audit-event-type-hl7-v3\">hl7-v3</a></td><td>http://terminology.hl7.org/CodeSystem/audit-event-type</td><td>HL7 v3 Operation</td><td><div><p>Audit Event: Execution of an HL7 v3 operation as defined by FHIR.</p>\n</div></td></tr><tr><td style=\"white-space:nowrap\"><a name=\"http---terminology.hl7.org-CodeSystem-audit-event-type-document\"> </a>\u00a0\u00a0<a href=\"http://terminology.hl7.org/5.3.0/CodeSystem-audit-event-type.html#audit-event-type-document\">document</a></td><td>http://terminology.hl7.org/CodeSystem/audit-event-type</td><td>A Document Operation</td><td><div><p>Audit Event: Execution of an operation on a Document (e.g. XDS, CDA, etc).</p>\n</div></td></tr><tr><td style=\"white-space:nowrap\"><a name=\"http---terminology.hl7.org-CodeSystem-audit-event-type-object\"> </a>\u00a0\u00a0<a href=\"http://terminology.hl7.org/5.3.0/CodeSystem-audit-event-type.html#audit-event-type-object\">object</a></td><td>http://terminology.hl7.org/CodeSystem/audit-event-type</td><td>An Operation on other Objects</td><td><div><p>Audit Event: Execution of an operation on an Object. For use when a more specific event type is not available.</p>\n</div></td></tr><tr><td style=\"white-space:nowrap\"><a name=\"http---terminology.hl7.org-CodeSystem-iso-21089-lifecycle-transmit\"> </a>\u00a0\u00a0<a href=\"http://terminology.hl7.org/5.3.0/CodeSystem-iso-21089-lifecycle.html#iso-21089-lifecycle-transmit\">transmit</a></td><td>http://terminology.hl7.org/CodeSystem/iso-21089-lifecycle</td><td>Transmit Record Lifecycle Event</td><td><div><p>Occurs when an agent causes the system to send record entry content from one (EHR/PHR/other) system to another.</p>\n</div></td></tr></table></div>"
      },
      "url" : "http://vzvz.nl/fhir/ValueSet/audit-event-type",
      "identifier" : [{
        "use" : "official",
        "value" : "http://vzvz.nl/fhir/ValueSet/audit-event-type"
      }],
      "version" : "0.8",
      "name" : "audit-event-type ValueSet",
      "title" : "audit-event-type ValueSet",
      "status" : "draft",
      "experimental" : false,
      "date" : "2022-09-05T12:00:00+02:00",
      "expansion" : {
        "identifier" : "urn:uuid:e9127e2e-da6f-46d5-b535-5db706603294",
        "timestamp" : "2024-03-15T14:01:30+01:00",
        "total" : 8,
        "offset" : 0,
        "parameter" : [{
          "name" : "count",
          "valueInteger" : 1000
        },
        {
          "name" : "offset",
          "valueInteger" : 0
        },
        {
          "name" : "excludeNested",
          "valueBoolean" : false
        },
        {
          "name" : "used-codesystem",
          "valueUri" : "http://dicom.nema.org/resources/ontology/DCM|01"
        },
        {
          "name" : "used-codesystem",
          "valueUri" : "http://terminology.hl7.org/CodeSystem/audit-event-type|0.5.0"
        },
        {
          "name" : "used-codesystem",
          "valueUri" : "http://terminology.hl7.org/CodeSystem/iso-21089-lifecycle|0.2.0"
        }],
        "contains" : [{
          "system" : "http://dicom.nema.org/resources/ontology/DCM",
          "code" : "110100",
          "display" : "Application Activity"
        },
        {
          "system" : "http://dicom.nema.org/resources/ontology/DCM",
          "code" : "110114",
          "display" : "User Authentication"
        },
        {
          "system" : "http://terminology.hl7.org/CodeSystem/audit-event-type",
          "code" : "rest",
          "display" : "RESTful Operation"
        },
        {
          "system" : "http://terminology.hl7.org/CodeSystem/audit-event-type",
          "code" : "hl7-v2",
          "display" : "HL7 v2 Operation"
        },
        {
          "system" : "http://terminology.hl7.org/CodeSystem/audit-event-type",
          "code" : "hl7-v3",
          "display" : "HL7 v3 Operation"
        },
        {
          "system" : "http://terminology.hl7.org/CodeSystem/audit-event-type",
          "code" : "document",
          "display" : "A Document Operation"
        },
        {
          "system" : "http://terminology.hl7.org/CodeSystem/audit-event-type",
          "code" : "object",
          "display" : "An Operation on other Objects"
        },
        {
          "system" : "http://terminology.hl7.org/CodeSystem/iso-21089-lifecycle",
          "code" : "transmit",
          "display" : "Transmit Record Lifecycle Event"
        }]
      }
    }
  }]
}