<?xml version="1.0" encoding="UTF-8"?>

<SearchParameter xmlns="http://hl7.org/fhir">
  <id value="search-task-instantiates-canonical"/>
  <meta>
    <versionId value="2"/>
    <lastUpdated value="2023-11-02T09:48:09.6593061+00:00"/>
  </meta>
  <text>
    <status value="generated"/><div xmlns="http://www.w3.org/1999/xhtml"><h2>KT2_SearchInstantiatesCanonical</h2><p>Parameter <code>instantiates-canonical</code>:<code>reference</code></p><div><p>Instantiates FHIR protocol or definition</p>
</div><table class="grid"><tr><td>Resource</td><td><a href="http://hl7.org/fhir/R4/task.html">Task</a></td></tr><tr><td>Expression</td><td><code>Task.instantiatesCanonical</code></td></tr><tr><td>Processing Mode</td><td>Normal</td></tr><tr><td>Target Resources</td><td><a href="http://hl7.org/fhir/R4/activitydefinition.html">ActivityDefinition</a></td></tr><tr><td>Multiples</td><td><ul><li>multipleAnd: It's up to the server whether the parameter may repeat in order to specify multiple values that must all be true</li><li>multipleOr: It's up to the server whether the parameter can have multiple values (separated by comma) where at least one must be true</li></ul></td></tr><tr><td>Chains</td><td>Allowed: publisherId</td></tr></table></div>
  </text>
  <url value="http://koppeltaal.nl/fhir/SearchParameter/task-instantiates-canonical"/>
  <version value="0.8"/>
  <name value="KT2_SearchInstantiatesCanonical"/>
  <status value="retired"/>
  <experimental value="false"/>
  <date value="2023-03-14"/>
  <publisher value="VZVZ"/>
  <contact>
    <name value="VZVZ"/>
    <telecom>
      <system value="url"/>
      <value value="https://www.vzvz.nl"/>
      <use value="work"/>
    </telecom>
  </contact>
  <description value="Instantiates FHIR protocol or definition"/>
  <purpose value="This search parameter is no longer in use as of 2023-11-02."/>
  <code value="instantiates-canonical"/>
  <base value="Task"/>
  <type value="reference"/>
  <expression value="Task.instantiatesCanonical"/>
  <xpathUsage value="normal"/>
  <target value="ActivityDefinition"/>
  <chain value="publisherId"/>
</SearchParameter>