{"resourceType":"SearchParameter","id":"search-trace-id","meta":{"lastUpdated":"2023-01-24T13:07:53.6125521+00:00"},"text":{"status":"generated","div":"<div xmlns=\"http://www.w3.org/1999/xhtml\"><h2>KT2_SearchTraceId</h2><p>Parameter <code>traceId</code>:<code>token</code></p><div><p>Search trace id for tracking audit events</p>\n</div><table class=\"grid\"><tr><td>Resource</td><td><a href=\"http://hl7.org/fhir/R4/auditevent.html\">AuditEvent</a></td></tr><tr><td>Expression</td><td><code>AuditEvent.extension('http://koppeltaal.nl/fhir/StructureDefinition/trace-id')</code></td></tr><tr><td>Processing Mode</td><td>Normal</td></tr><tr><td>Multiples</td><td><ul><li>multipleAnd: It's up to the server whether the parameter may repeat in order to specify multiple values that must all be true</li><li>multipleOr: It's up to the server whether the parameter can have multiple values (separated by comma) where at least one must be true</li></ul></td></tr></table></div>"},"url":"http://koppeltaal.nl/fhir/SearchParameter/trace-id","version":"0.8","name":"KT2_SearchTraceId","status":"active","experimental":false,"date":"2023-01-24","publisher":"VZVZ","contact":[{"name":"VZVZ","telecom":[{"system":"url","value":"https://www.vzvz.nl","use":"work"}]}],"description":"Search trace id for tracking audit events","code":"traceId","base":["AuditEvent"],"type":"token","expression":"AuditEvent.extension('http://koppeltaal.nl/fhir/StructureDefinition/trace-id')","xpathUsage":"normal"}