{
  "resourceType" : "SearchParameter",
  "id" : "search-task-instantiates",
  "meta" : {
    "versionId" : "2",
    "lastUpdated" : "2023-11-07T09:22:42.6132269+00:00"
  },
  "text" : {
    "status" : "generated",
    "div" : "<div xmlns=\"http://www.w3.org/1999/xhtml\"><h2>KT2_SearchInstantiates</h2><p>Parameter <code>instantiates</code>:<code>reference</code></p><div><p>Search Tasks based on a (set of) ActivityDefinition which in turn can conform to a specific PublisherId</p>\n</div><table class=\"grid\"><tr><td>Resource</td><td><a href=\"http://hl7.org/fhir/R4/task.html\">Task</a></td></tr><tr><td>Expression</td><td><code>Task.extension('http://vzvz.nl/fhir/StructureDefinition/instantiates')</code></td></tr><tr><td>Target Resources</td><td><a href=\"http://hl7.org/fhir/R4/activitydefinition.html\">ActivityDefinition</a></td></tr><tr><td>Multiples</td><td><ul><li>multipleAnd: It's up to the server whether the parameter may repeat in order to specify multiple values that must all be true</li><li>multipleOr: It's up to the server whether the parameter can have multiple values (separated by comma) where at least one must be true</li></ul></td></tr><tr><td>Chains</td><td>Allowed: publisherId</td></tr></table></div>"
  },
  "url" : "http://koppeltaal.nl/fhir/SearchParameter/task-instantiates",
  "version" : "0.8",
  "name" : "KT2_SearchInstantiates",
  "status" : "active",
  "experimental" : false,
  "date" : "2023-11-02",
  "publisher" : "VZVZ",
  "contact" : [{
    "name" : "VZVZ",
    "telecom" : [{
      "system" : "url",
      "value" : "https://www.vzvz.nl",
      "use" : "work"
    }]
  }],
  "description" : "Search Tasks based on a (set of) ActivityDefinition which in turn can conform to a specific PublisherId",
  "purpose" : "Search Tasks based on the instantiated ActivityDefinition",
  "code" : "instantiates",
  "base" : ["Task"],
  "type" : "reference",
  "expression" : "Task.extension('http://vzvz.nl/fhir/StructureDefinition/instantiates')",
  "target" : ["ActivityDefinition"],
  "chain" : ["publisherId"]
}