{
  "codeSystems" : [
    {
      "url" : "http://decor.nictiz.nl/fhir/ValueSet/2.16.840.1.113883.2.4.3.11.60.40.2.17.1.5--20200901000000",
      "version" : "2020-09-01T00:00:00",
      "status" : "active",
      "name" : "ZorgverlenerRolCodelijst",
      "title" : "ZorgverlenerRolCodelijst",
      "description" : "ZorgverlenerRolCodelijst",
      "systems" : [
        "http://terminology.hl7.org/CodeSystem/v3-NullFlavor",
        "http://terminology.hl7.org/CodeSystem/v3-ParticipationType",
        "http://snomed.info/sct"
      ],
      "oids" : ["2.16.840.1.113883.2.4.3.11.60.40.2.17.1.5"],
      "sources" : ["2.16.840.1.113883.2.4.3.11.60.40.2.17.1.5"],
      "uses" : {
      },
      "StructureDefinition-KT2CareTeam.html" : "KT2_CareTeam"
    },
    {
      "url" : "http://vzvz.nl/fhir/ValueSet/audit-event-type",
      "version" : "0.8",
      "status" : "draft",
      "name" : "audit-event-type ValueSet",
      "title" : "audit-event-type ValueSet",
      "description" : "audit-event-type ValueSet",
      "systems" : [
        "http://terminology.hl7.org/CodeSystem/audit-event-type",
        "http://terminology.hl7.org/CodeSystem/iso-21089-lifecycle",
        "http://dicom.nema.org/resources/ontology/DCM"
      ],
      "uses" : {
      },
      "StructureDefinition-KT2AuditEvent.html" : "KT2_AuditEvent"
    },
    {
      "url" : "http://vzvz.nl/fhir/ValueSet/participation-role-type",
      "version" : "0.8",
      "status" : "draft",
      "name" : "NlVzvzParticipationRoleType",
      "title" : "NlVzvzParticipationRoleType",
      "description" : "This FHIR value set is a subset of the http://hl7.org/fhir/ValueSet/participation-role-type value set, containing only the codes used in VZVZ",
      "systems" : [
        "http://terminology.hl7.org/CodeSystem/v3-RoleClass",
        "http://dicom.nema.org/resources/ontology/DCM"
      ],
      "uses" : {
      },
      "StructureDefinition-KT2AuditEvent.html" : "KT2_AuditEvent"
    }
  ]
}
