{
  "resourceType" : "SearchParameter",
  "id" : "search-publisherId-extension",
  "meta" : {
    "versionId" : "2",
    "lastUpdated" : "2023-01-24T13:07:26.3087273+00:00"
  },
  "text" : {
    "status" : "generated",
    "div" : "<div xmlns=\"http://www.w3.org/1999/xhtml\"><h2>KT2_SearchPublisherId</h2><p>Parameter <code>publisherId</code>:<code>token</code></p><div><p>Search by publisherId for an ActivityDefinition</p>\n</div><table class=\"grid\"><tr><td>Resource</td><td><a href=\"http://hl7.org/fhir/R4/activitydefinition.html\">ActivityDefinition</a></td></tr><tr><td>Expression</td><td><code>ActivityDefinition.extension('http://koppeltaal.nl/fhir/StructureDefinition/KT2PublisherId')</code></td></tr><tr><td>Processing Mode</td><td>Normal</td></tr><tr><td>Target Resources</td><td><a href=\"http://hl7.org/fhir/R4/activitydefinition.html\">ActivityDefinition</a></td></tr><tr><td>Multiples</td><td><ul><li>multipleAnd: It's up to the server whether the parameter may repeat in order to specify multiple values that must all be true</li><li>multipleOr: It's up to the server whether the parameter can have multiple values (separated by comma) where at least one must be true</li></ul></td></tr></table></div>"
  },
  "url" : "http://koppeltaal.nl/fhir/SearchParameter/publisherId-extension",
  "version" : "0.8",
  "name" : "KT2_SearchPublisherId",
  "status" : "active",
  "experimental" : false,
  "date" : "2023-01-24",
  "publisher" : "VZVZ",
  "contact" : [{
    "name" : "VZVZ",
    "telecom" : [{
      "system" : "url",
      "value" : "https://www.vzvz.nl",
      "use" : "work"
    }]
  }],
  "description" : "Search by publisherId for an ActivityDefinition",
  "code" : "publisherId",
  "base" : ["ActivityDefinition"],
  "type" : "token",
  "expression" : "ActivityDefinition.extension('http://koppeltaal.nl/fhir/StructureDefinition/KT2PublisherId')",
  "xpathUsage" : "normal",
  "target" : ["ActivityDefinition"]
}