{
  "resourceType" : "SearchParameter",
  "id" : "search-task-instantiates-canonical",
  "meta" : {
    "versionId" : "2",
    "lastUpdated" : "2023-11-02T09:48:09.6593061+00:00"
  },
  "text" : {
    "status" : "generated",
    "div" : "<div xmlns=\"http://www.w3.org/1999/xhtml\"><h2>KT2_SearchInstantiatesCanonical</h2><p>Parameter <code>instantiates-canonical</code>:<code>reference</code></p><div><p>Instantiates FHIR protocol or definition</p>\n</div><table class=\"grid\"><tr><td>Resource</td><td><a href=\"http://hl7.org/fhir/R4/task.html\">Task</a></td></tr><tr><td>Expression</td><td><code>Task.instantiatesCanonical</code></td></tr><tr><td>Processing Mode</td><td>Normal</td></tr><tr><td>Target Resources</td><td><a href=\"http://hl7.org/fhir/R4/activitydefinition.html\">ActivityDefinition</a></td></tr><tr><td>Multiples</td><td><ul><li>multipleAnd: It's up to the server whether the parameter may repeat in order to specify multiple values that must all be true</li><li>multipleOr: It's up to the server whether the parameter can have multiple values (separated by comma) where at least one must be true</li></ul></td></tr><tr><td>Chains</td><td>Allowed: publisherId</td></tr></table></div>"
  },
  "url" : "http://koppeltaal.nl/fhir/SearchParameter/task-instantiates-canonical",
  "version" : "0.8",
  "name" : "KT2_SearchInstantiatesCanonical",
  "status" : "retired",
  "experimental" : false,
  "date" : "2023-03-14",
  "publisher" : "VZVZ",
  "contact" : [{
    "name" : "VZVZ",
    "telecom" : [{
      "system" : "url",
      "value" : "https://www.vzvz.nl",
      "use" : "work"
    }]
  }],
  "description" : "Instantiates FHIR protocol or definition",
  "purpose" : "This search parameter is no longer in use as of 2023-11-02.",
  "code" : "instantiates-canonical",
  "base" : ["Task"],
  "type" : "reference",
  "expression" : "Task.instantiatesCanonical",
  "xpathUsage" : "normal",
  "target" : ["ActivityDefinition"],
  "chain" : ["publisherId"]
}